{
  "config": {
    "epochs": 50,
    "test_samples": 500,
    "csv_A": "C:\\Users\\Arezki\\OneDrive\\Bureau\\m2 memoire\\SysGuard-AI\\SysGuard-AI-\\ai_model\\dataset\\normal_traffic_20260516T231519Z.csv",
    "csv_B": "C:\\Users\\Arezki\\OneDrive\\Bureau\\m2 memoire\\SysGuard-AI\\SysGuard-AI-\\ai_model\\dataset\\normal_traffic_20260516T120212Z.csv + C:\\Users\\Arezki\\OneDrive\\Bureau\\m2 memoire\\SysGuard-AI\\SysGuard-AI-\\ai_model\\dataset\\normal_traffic_20260516T231519Z.csv"
  },
  "train_time_seconds": {
    "A": 0,
    "B": 0
  },
  "option_A": {
    "alpha": 0.0005234126001596451,
    "beta": 0.002434999216347933,
    "train_source": "C:\\Users\\Arezki\\OneDrive\\Bureau\\m2 memoire\\SysGuard-AI\\SysGuard-AI-\\ai_model\\dataset\\normal_traffic_20260516T231519Z.csv",
    "train_samples": 7096,
    "test_samples": 500,
    "fpr_normal": 0.034,
    "fpr_hard_neg": 0.188,
    "normal": {
      "total": 500,
      "tp": 0,
      "fn": 0,
      "fp": 17,
      "tn": 483,
      "moderate": 17,
      "critical": 0,
      "mse_mean": 0.0004242805880494416,
      "mse_median": 0.0004172148765064776,
      "mse_p5": 0.0003577103780116886,
      "mse_p95": 0.0005064525175839663,
      "mse_min": 0.0002725847589317709,
      "mse_max": 0.0006639112252742052,
      "mse_std": 4.8299880290869623e-05
    },
    "hard_negatives": {
      "total": 500,
      "tp": 0,
      "fn": 0,
      "fp": 94,
      "tn": 406,
      "moderate": 94,
      "critical": 0,
      "mse_mean": 0.000402267265599221,
      "mse_median": 0.0003741137043107301,
      "mse_p5": 0.0003014405956491828,
      "mse_p95": 0.0005585586768575013,
      "mse_min": 0.0002868172596208751,
      "mse_max": 0.000622814055532217,
      "mse_std": 9.581714402884245e-05
    },
    "attacks": {
      "Reverse Shell": {
        "total": 500,
        "tp": 404,
        "fn": 96,
        "fp": 0,
        "tn": 0,
        "moderate": 404,
        "critical": 0,
        "mse_mean": 0.0005475933430716395,
        "mse_median": 0.0005511610070243478,
        "mse_p5": 0.0004883857327513397,
        "mse_p95": 0.0005897621158510447,
        "mse_min": 0.0004496705369092524,
        "mse_max": 0.0006031829980202019,
        "mse_std": 2.9897746571805328e-05
      },
      "Crypto-mining": {
        "total": 500,
        "tp": 0,
        "fn": 500,
        "fp": 0,
        "tn": 0,
        "moderate": 0,
        "critical": 0,
        "mse_mean": 0.0003617048787418753,
        "mse_median": 0.0003653776366263628,
        "mse_p5": 0.0003311447217129171,
        "mse_p95": 0.00037549022817984223,
        "mse_min": 0.0003055642591789365,
        "mse_max": 0.0003778353857342154,
        "mse_std": 1.3616314390674233e-05
      },
      "Fichiers sensibles": {
        "total": 500,
        "tp": 0,
        "fn": 500,
        "fp": 0,
        "tn": 0,
        "moderate": 0,
        "critical": 0,
        "mse_mean": 0.0005004000850021839,
        "mse_median": 0.0005005336133763194,
        "mse_p5": 0.0004948294372297823,
        "mse_p95": 0.0005059220129624009,
        "mse_min": 0.0004893008153885603,
        "mse_max": 0.0005145606119185686,
        "mse_std": 3.381926944712177e-06
      }
    },
    "global": {
      "tp": 404,
      "tn": 889,
      "fp": 111,
      "fn": 1096,
      "accuracy": 0.5172,
      "precision": 0.7845,
      "recall": 0.2693,
      "f1_score": 0.401
    }
  },
  "option_B": {
    "alpha": 0.0001478716148994863,
    "beta": 0.0011438173241913319,
    "train_source": "C:\\Users\\Arezki\\OneDrive\\Bureau\\m2 memoire\\SysGuard-AI\\SysGuard-AI-\\ai_model\\dataset\\normal_traffic_20260516T120212Z.csv + C:\\Users\\Arezki\\OneDrive\\Bureau\\m2 memoire\\SysGuard-AI\\SysGuard-AI-\\ai_model\\dataset\\normal_traffic_20260516T231519Z.csv",
    "train_samples": 17096,
    "test_samples": 500,
    "fpr_normal": 0.024,
    "fpr_hard_neg": 0.0,
    "normal": {
      "total": 500,
      "tp": 0,
      "fn": 0,
      "fp": 12,
      "tn": 488,
      "moderate": 12,
      "critical": 0,
      "mse_mean": 7.155749335652217e-05,
      "mse_median": 6.60328078083694e-05,
      "mse_p5": 4.7429311962332577e-05,
      "mse_p95": 0.00011901079415110871,
      "mse_min": 3.4172404411947355e-05,
      "mse_max": 0.0002460047253407538,
      "mse_std": 2.5141049263766035e-05
    },
    "hard_negatives": {
      "total": 500,
      "tp": 0,
      "fn": 0,
      "fp": 0,
      "tn": 500,
      "moderate": 0,
      "critical": 0,
      "mse_mean": 7.038464536890388e-05,
      "mse_median": 7.619525422342122e-05,
      "mse_p5": 4.1621318814577535e-05,
      "mse_p95": 8.96430283319205e-05,
      "mse_min": 3.593220390030183e-05,
      "mse_max": 9.837267134571448e-05,
      "mse_std": 1.637310197111219e-05
    },
    "attacks": {
      "Reverse Shell": {
        "total": 500,
        "tp": 499,
        "fn": 1,
        "fp": 0,
        "tn": 0,
        "moderate": 499,
        "critical": 0,
        "mse_mean": 0.0002503297582734376,
        "mse_median": 0.0002533506485633552,
        "mse_p5": 0.00019154702022206038,
        "mse_p95": 0.00029290045495145023,
        "mse_min": 0.00014558048860635608,
        "mse_max": 0.0003035467234440148,
        "mse_std": 3.0563718610210344e-05
      },
      "Crypto-mining": {
        "total": 500,
        "tp": 500,
        "fn": 0,
        "fp": 0,
        "tn": 0,
        "moderate": 500,
        "critical": 0,
        "mse_mean": 0.00025771514629013836,
        "mse_median": 0.0002622899482958019,
        "mse_p5": 0.00022069760598242283,
        "mse_p95": 0.00027416751254349947,
        "mse_min": 0.00018059700960293412,
        "mse_max": 0.0002772791194729507,
        "mse_std": 1.6636489817756228e-05
      },
      "Fichiers sensibles": {
        "total": 500,
        "tp": 500,
        "fn": 0,
        "fp": 0,
        "tn": 0,
        "moderate": 500,
        "critical": 0,
        "mse_mean": 0.00016981229418888688,
        "mse_median": 0.00016984762623906136,
        "mse_p5": 0.0001666825992288068,
        "mse_p95": 0.00017267855582758784,
        "mse_min": 0.00016473584400955588,
        "mse_max": 0.0001768815127434209,
        "mse_std": 1.822457534217392e-06
      }
    },
    "global": {
      "tp": 1499,
      "tn": 988,
      "fp": 12,
      "fn": 1,
      "accuracy": 0.9948,
      "precision": 0.9921,
      "recall": 0.9993,
      "f1_score": 0.9957
    }
  },
  "verdict": {
    "f1_A": 0.401,
    "f1_B": 0.9957,
    "winner": "B"
  }
}