{
  "alpha": 0.00010270356870023534,
  "beta": 0.0001367138174828142,
  "train_source": "simulated",
  "train_samples": 10000,
  "test_samples": 1000,
  "normal": {
    "total": 1000,
    "tp": 0,
    "fn": 0,
    "fp": 26,
    "tn": 974,
    "moderate": 15,
    "critical": 11,
    "mse_mean": 2.3996059098863043e-05,
    "mse_median": 1.4195466064848006e-05,
    "mse_p5": 4.870381872024154e-06,
    "mse_p95": 7.82380229793489e-05,
    "mse_min": 2.7089099603472278e-06,
    "mse_max": 0.00022041004558559507,
    "mse_std": 2.664689236553386e-05
  },
  "hard_negatives": {
    "total": 1000,
    "tp": 0,
    "fn": 0,
    "fp": 0,
    "tn": 1000,
    "moderate": 0,
    "critical": 0,
    "mse_mean": 5.868091102456674e-05,
    "mse_median": 6.568124081240967e-05,
    "mse_p5": 1.9480243281577714e-05,
    "mse_p95": 8.786519902059808e-05,
    "mse_min": 1.4156787074171007e-05,
    "mse_max": 0.00010192665649810806,
    "mse_std": 2.3224667529575527e-05
  },
  "attacks": {
    "Reverse Shell": {
      "total": 1000,
      "tp": 878,
      "fn": 122,
      "fp": 0,
      "tn": 0,
      "moderate": 169,
      "critical": 709,
      "mse_mean": 0.0001820602483348921,
      "mse_median": 0.0001690735516604036,
      "mse_p5": 8.579448331147432e-05,
      "mse_p95": 0.0003118914901278913,
      "mse_min": 5.42669695278164e-05,
      "mse_max": 0.00037355796666815877,
      "mse_std": 6.91922105033882e-05
    },
    "Crypto-mining": {
      "total": 1000,
      "tp": 802,
      "fn": 198,
      "fp": 0,
      "tn": 0,
      "moderate": 116,
      "critical": 686,
      "mse_mean": 0.0001829197717597708,
      "mse_median": 0.0001844381622504443,
      "mse_p5": 3.8687117921654135e-05,
      "mse_p95": 0.00032304602791555226,
      "mse_min": 2.0071594917681068e-05,
      "mse_max": 0.00037035340210422873,
      "mse_std": 8.41547007439658e-05
    },
    "Fichiers sensibles": {
      "total": 1000,
      "tp": 970,
      "fn": 30,
      "fp": 0,
      "tn": 0,
      "moderate": 879,
      "critical": 91,
      "mse_mean": 0.00012710913142655045,
      "mse_median": 0.00012903052265755832,
      "mse_p5": 0.00010902295616688207,
      "mse_p95": 0.00013842785847373307,
      "mse_min": 6.986640073591843e-05,
      "mse_max": 0.00014845137775409967,
      "mse_std": 9.415974091098178e-06
    }
  },
  "global": {
    "tp": 2650,
    "tn": 1974,
    "fp": 26,
    "fn": 350,
    "accuracy": 0.9248,
    "precision": 0.9903,
    "recall": 0.8833,
    "f1_score": 0.9338
  }
}