{
  "alpha": 0.0001478716148994863,
  "beta": 0.0011438173241913319,
  "train_source": "C:\\Users\\Arezki\\OneDrive\\Bureau\\m2 memoire\\SysGuard-AI\\SysGuard-AI-\\ai_model\\dataset\\normal_traffic_20260516T120212Z.csv + C:\\Users\\Arezki\\OneDrive\\Bureau\\m2 memoire\\SysGuard-AI\\SysGuard-AI-\\ai_model\\dataset\\normal_traffic_20260516T231519Z.csv",
  "train_samples": 17096,
  "test_samples": 500,
  "fpr_normal": 0.024,
  "fpr_hard_neg": 0.0,
  "normal": {
    "total": 500,
    "tp": 0,
    "fn": 0,
    "fp": 12,
    "tn": 488,
    "moderate": 12,
    "critical": 0,
    "mse_mean": 7.155749335652217e-05,
    "mse_median": 6.60328078083694e-05,
    "mse_p5": 4.7429311962332577e-05,
    "mse_p95": 0.00011901079415110871,
    "mse_min": 3.4172404411947355e-05,
    "mse_max": 0.0002460047253407538,
    "mse_std": 2.5141049263766035e-05
  },
  "hard_negatives": {
    "total": 500,
    "tp": 0,
    "fn": 0,
    "fp": 0,
    "tn": 500,
    "moderate": 0,
    "critical": 0,
    "mse_mean": 7.038464536890388e-05,
    "mse_median": 7.619525422342122e-05,
    "mse_p5": 4.1621318814577535e-05,
    "mse_p95": 8.96430283319205e-05,
    "mse_min": 3.593220390030183e-05,
    "mse_max": 9.837267134571448e-05,
    "mse_std": 1.637310197111219e-05
  },
  "attacks": {
    "Reverse Shell": {
      "total": 500,
      "tp": 499,
      "fn": 1,
      "fp": 0,
      "tn": 0,
      "moderate": 499,
      "critical": 0,
      "mse_mean": 0.0002503297582734376,
      "mse_median": 0.0002533506485633552,
      "mse_p5": 0.00019154702022206038,
      "mse_p95": 0.00029290045495145023,
      "mse_min": 0.00014558048860635608,
      "mse_max": 0.0003035467234440148,
      "mse_std": 3.0563718610210344e-05
    },
    "Crypto-mining": {
      "total": 500,
      "tp": 500,
      "fn": 0,
      "fp": 0,
      "tn": 0,
      "moderate": 500,
      "critical": 0,
      "mse_mean": 0.00025771514629013836,
      "mse_median": 0.0002622899482958019,
      "mse_p5": 0.00022069760598242283,
      "mse_p95": 0.00027416751254349947,
      "mse_min": 0.00018059700960293412,
      "mse_max": 0.0002772791194729507,
      "mse_std": 1.6636489817756228e-05
    },
    "Fichiers sensibles": {
      "total": 500,
      "tp": 500,
      "fn": 0,
      "fp": 0,
      "tn": 0,
      "moderate": 500,
      "critical": 0,
      "mse_mean": 0.00016981229418888688,
      "mse_median": 0.00016984762623906136,
      "mse_p5": 0.0001666825992288068,
      "mse_p95": 0.00017267855582758784,
      "mse_min": 0.00016473584400955588,
      "mse_max": 0.0001768815127434209,
      "mse_std": 1.822457534217392e-06
    }
  },
  "global": {
    "tp": 1499,
    "tn": 988,
    "fp": 12,
    "fn": 1,
    "accuracy": 0.9948,
    "precision": 0.9921,
    "recall": 0.9993,
    "f1_score": 0.9957
  }
}