{
  "alpha": 0.0001478716148994863,
  "beta": 0.0011438173241913319,
  "train_source": "ai_model/dataset/normal_traffic_20260516T120212Z.csv + ai_model/dataset/normal_traffic_20260516T231519Z.csv",
  "train_samples": 17096,
  "test_samples": 500,
  "stress_scenarios": true,
  "normal": {
    "total": 500,
    "tp": 0,
    "fn": 0,
    "fp": 12,
    "tn": 488,
    "moderate": 12,
    "critical": 0,
    "mse_mean": 7.15614587534219e-05,
    "mse_median": 6.5828331571538e-05,
    "mse_p5": 4.729151987703517e-05,
    "mse_p95": 0.0001198824611492455,
    "mse_min": 3.428642594371922e-05,
    "mse_max": 0.0002513264771550894,
    "mse_std": 2.5245602955692448e-05
  },
  "hard_negatives": {
    "total": 500,
    "tp": 0,
    "fn": 0,
    "fp": 0,
    "tn": 500,
    "moderate": 0,
    "critical": 0,
    "mse_mean": 7.038464536890388e-05,
    "mse_median": 7.619525422342122e-05,
    "mse_p5": 4.1621318814577535e-05,
    "mse_p95": 8.96430283319205e-05,
    "mse_min": 3.593220390030183e-05,
    "mse_max": 9.837267134571448e-05,
    "mse_std": 1.637310197111219e-05
  },
  "attacks": {
    "Reverse Shell": {
      "total": 500,
      "tp": 499,
      "fn": 1,
      "fp": 0,
      "tn": 0,
      "moderate": 499,
      "critical": 0,
      "mse_mean": 0.0002503297582734376,
      "mse_median": 0.0002533506485633552,
      "mse_p5": 0.00019154702022206038,
      "mse_p95": 0.00029290045495145023,
      "mse_min": 0.00014558048860635608,
      "mse_max": 0.0003035467234440148,
      "mse_std": 3.0563718610210344e-05
    },
    "Crypto-mining": {
      "total": 500,
      "tp": 500,
      "fn": 0,
      "fp": 0,
      "tn": 0,
      "moderate": 500,
      "critical": 0,
      "mse_mean": 0.00025771514629013836,
      "mse_median": 0.0002622899482958019,
      "mse_p5": 0.00022069760598242283,
      "mse_p95": 0.00027416751254349947,
      "mse_min": 0.00018059700960293412,
      "mse_max": 0.0002772791194729507,
      "mse_std": 1.6636489817756228e-05
    },
    "Fichiers sensibles": {
      "total": 500,
      "tp": 500,
      "fn": 0,
      "fp": 0,
      "tn": 0,
      "moderate": 500,
      "critical": 0,
      "mse_mean": 0.00016981115913949907,
      "mse_median": 0.00016984558897092938,
      "mse_p5": 0.00016667683667037636,
      "mse_p95": 0.00017267922521568835,
      "mse_min": 0.00016470700211357325,
      "mse_max": 0.00017689153901301324,
      "mse_std": 1.822273816287634e-06
    },
    "RS melange nominal": {
      "total": 500,
      "tp": 190,
      "fn": 310,
      "fp": 0,
      "tn": 0,
      "moderate": 190,
      "critical": 0,
      "mse_mean": 0.0001356609573122114,
      "mse_median": 0.0001238449476659298,
      "mse_p5": 4.5543161832029e-05,
      "mse_p95": 0.0002688806562218815,
      "mse_min": 3.6178713344270363e-05,
      "mse_max": 0.00035058127832598984,
      "mse_std": 7.137523061828688e-05
    },
    "Mining dilue": {
      "total": 500,
      "tp": 320,
      "fn": 180,
      "fp": 0,
      "tn": 0,
      "moderate": 320,
      "critical": 0,
      "mse_mean": 0.00019311594951432198,
      "mse_median": 0.00018910074140876532,
      "mse_p5": 6.0977472458034754e-05,
      "mse_p95": 0.0003534140414558351,
      "mse_min": 3.502326217130758e-05,
      "mse_max": 0.0004124729020986706,
      "mse_std": 8.93514952622354e-05
    },
    "Privesc + nominal fort": {
      "total": 500,
      "tp": 0,
      "fn": 500,
      "fp": 0,
      "tn": 0,
      "moderate": 0,
      "critical": 0,
      "mse_mean": 4.891584103461355e-05,
      "mse_median": 4.780500603374094e-05,
      "mse_p5": 3.661360460682772e-05,
      "mse_p95": 6.679729267489165e-05,
      "mse_min": 2.883588786062319e-05,
      "mse_max": 8.409260772168636e-05,
      "mse_std": 9.28571625991026e-06
    }
  },
  "global": {
    "tp": 2009,
    "tn": 988,
    "fp": 12,
    "fn": 991,
    "accuracy": 0.7492,
    "precision": 0.9941,
    "recall": 0.6697,
    "f1_score": 0.8002
  }
}