{
  "alpha": 0.0005234126001596451,
  "beta": 0.002434999216347933,
  "train_source": "C:\\Users\\Arezki\\OneDrive\\Bureau\\m2 memoire\\SysGuard-AI\\SysGuard-AI-\\ai_model\\dataset\\normal_traffic_20260516T231519Z.csv",
  "train_samples": 7096,
  "test_samples": 500,
  "fpr_normal": 0.034,
  "fpr_hard_neg": 0.188,
  "normal": {
    "total": 500,
    "tp": 0,
    "fn": 0,
    "fp": 17,
    "tn": 483,
    "moderate": 17,
    "critical": 0,
    "mse_mean": 0.0004242805880494416,
    "mse_median": 0.0004172148765064776,
    "mse_p5": 0.0003577103780116886,
    "mse_p95": 0.0005064525175839663,
    "mse_min": 0.0002725847589317709,
    "mse_max": 0.0006639112252742052,
    "mse_std": 4.8299880290869623e-05
  },
  "hard_negatives": {
    "total": 500,
    "tp": 0,
    "fn": 0,
    "fp": 94,
    "tn": 406,
    "moderate": 94,
    "critical": 0,
    "mse_mean": 0.000402267265599221,
    "mse_median": 0.0003741137043107301,
    "mse_p5": 0.0003014405956491828,
    "mse_p95": 0.0005585586768575013,
    "mse_min": 0.0002868172596208751,
    "mse_max": 0.000622814055532217,
    "mse_std": 9.581714402884245e-05
  },
  "attacks": {
    "Reverse Shell": {
      "total": 500,
      "tp": 404,
      "fn": 96,
      "fp": 0,
      "tn": 0,
      "moderate": 404,
      "critical": 0,
      "mse_mean": 0.0005475933430716395,
      "mse_median": 0.0005511610070243478,
      "mse_p5": 0.0004883857327513397,
      "mse_p95": 0.0005897621158510447,
      "mse_min": 0.0004496705369092524,
      "mse_max": 0.0006031829980202019,
      "mse_std": 2.9897746571805328e-05
    },
    "Crypto-mining": {
      "total": 500,
      "tp": 0,
      "fn": 500,
      "fp": 0,
      "tn": 0,
      "moderate": 0,
      "critical": 0,
      "mse_mean": 0.0003617048787418753,
      "mse_median": 0.0003653776366263628,
      "mse_p5": 0.0003311447217129171,
      "mse_p95": 0.00037549022817984223,
      "mse_min": 0.0003055642591789365,
      "mse_max": 0.0003778353857342154,
      "mse_std": 1.3616314390674233e-05
    },
    "Fichiers sensibles": {
      "total": 500,
      "tp": 0,
      "fn": 500,
      "fp": 0,
      "tn": 0,
      "moderate": 0,
      "critical": 0,
      "mse_mean": 0.0005004000850021839,
      "mse_median": 0.0005005336133763194,
      "mse_p5": 0.0004948294372297823,
      "mse_p95": 0.0005059220129624009,
      "mse_min": 0.0004893008153885603,
      "mse_max": 0.0005145606119185686,
      "mse_std": 3.381926944712177e-06
    }
  },
  "global": {
    "tp": 404,
    "tn": 889,
    "fp": 111,
    "fn": 1096,
    "accuracy": 0.5172,
    "precision": 0.7845,
    "recall": 0.2693,
    "f1_score": 0.401
  }
}