{
  "alpha": 0.0001478716148994863,
  "beta": 0.0011438173241913319,
  "threshold": 0.0001478716148994863,
  "percentile_alpha": 99.0,
  "percentile_beta": 99.9,
  "train_samples": 17096,
  "data_source": "ai_model/dataset/normal_traffic_20260516T120212Z.csv + ai_model/dataset/normal_traffic_20260516T231519Z.csv",
  "dropout_rate": 0.2,
  "mse_stats": {
    "mean": 1.5606092347297817e-05,
    "median": 6.625926289416384e-06,
    "p95": 4.357126817922108e-05,
    "max": 0.0025534231681376696
  },
  "active_dims_mean": 18,
  "rare_dims": {
    "rare_dim_indices": [
      2,
      4,
      15,
      16,
      19,
      20,
      22,
      23,
      24,
      25,
      26,
      27,
      29,
      30,
      31,
      36,
      51,
      53,
      57,
      58,
      59,
      60,
      61,
      62,
      63,
      64,
      69,
      71,
      74,
      78,
      79,
      80,
      83,
      85,
      86,
      87,
      88,
      91,
      92,
      93,
      94,
      96,
      98,
      99,
      102,
      104,
      105,
      106,
      107,
      108,
      109,
      110,
      111,
      112,
      113,
      114,
      115,
      116,
      117,
      118,
      119,
      120,
      121,
      122,
      123,
      125,
      126,
      127,
      128,
      129,
      132,
      133,
      134,
      135,
      136,
      137,
      138,
      139,
      140,
      141,
      142,
      143,
      144,
      145,
      146,
      147,
      148,
      149,
      152,
      153,
      154,
      155,
      156,
      157,
      158,
      159,
      160,
      161,
      162,
      163,
      164,
      165,
      166,
      167,
      168,
      169,
      170,
      171,
      172,
      173,
      174,
      175,
      176,
      177,
      178,
      180,
      181,
      182,
      183,
      184,
      185,
      186,
      187,
      188,
      189,
      190,
      191,
      192,
      193,
      196,
      198,
      199,
      200,
      201,
      202,
      203,
      204,
      205,
      206,
      207,
      208,
      209,
      212,
      213,
      214,
      215,
      216,
      217,
      218,
      219,
      220,
      222,
      228,
      229,
      230,
      231,
      232,
      233,
      234,
      235,
      236,
      237,
      238,
      239,
      240,
      241,
      242,
      243,
      244,
      245,
      246,
      249,
      252,
      253,
      254,
      257,
      258,
      259,
      261,
      263,
      264,
      265,
      267,
      268,
      269,
      271,
      272,
      275,
      277,
      282,
      288,
      289,
      290,
      291,
      293,
      294,
      296,
      297,
      298,
      299,
      302,
      303,
      304,
      305,
      306,
      307,
      308,
      309,
      312,
      313,
      314,
      315,
      316,
      317,
      318,
      320,
      321,
      322,
      323,
      324,
      326,
      328,
      329,
      331,
      332,
      333,
      334,
      335,
      336,
      337,
      338,
      340,
      342,
      344,
      345,
      346,
      347,
      348,
      349,
      350,
      351,
      352,
      353,
      354,
      355,
      356,
      357,
      358,
      359,
      360,
      363,
      368,
      369,
      370,
      371,
      372,
      373,
      374,
      375,
      376,
      377,
      378,
      379,
      380,
      382,
      383,
      384,
      385,
      386,
      387,
      388,
      389,
      390,
      391,
      392,
      393,
      394,
      395,
      396,
      397,
      398,
      399,
      400,
      401,
      402,
      403,
      404,
      405,
      406,
      407,
      408,
      409,
      410,
      411,
      412
    ],
    "rare_dim_freq": {
      "2": 0.0,
      "4": 0.00772110435189518,
      "15": 0.0,
      "16": 0.0069021993448759944,
      "19": 0.006551240056153486,
      "20": 0.0,
      "22": 0.006785212915301825,
      "23": 0.006785212915301825,
      "24": 0.006785212915301825,
      "25": 0.00684370613008891,
      "26": 0.006375760411792232,
      "27": 0.0,
      "29": 0.007311651848385587,
      "30": 0.008013570425830603,
      "31": 0.0,
      "36": 0.006960692559663079,
      "51": 0.0070191857744501636,
      "53": 0.0069021993448759944,
      "57": 0.007311651848385587,
      "58": 0.008364529714553112,
      "59": 0.007487131492746842,
      "60": 0.0,
      "61": 0.008130556855404774,
      "62": 0.0069021993448759944,
      "63": 0.0061417875526438934,
      "64": 0.0,
      "69": 0.007370145063172672,
      "71": 0.00783809078146935,
      "74": 0.008130556855404774,
      "78": 0.0,
      "79": 0.0071361722040243335,
      "80": 0.006785212915301825,
      "83": 0.008013570425830603,
      "85": 0.0,
      "86": 0.0009943846513804399,
      "87": 0.0,
      "88": 0.007311651848385587,
      "91": 0.0069021993448759944,
      "92": 0.007428638277959756,
      "93": 0.00859850257370145,
      "94": 0.0,
      "96": 0.0069021993448759944,
      "98": 0.007896583996256434,
      "99": 0.008247543284978943,
      "102": 0.009475900795507721,
      "104": 0.00684370613008891,
      "105": 0.006317267197005147,
      "106": 0.007253158633598503,
      "107": 0.008364529714553112,
      "108": 0.008890968647636874,
      "109": 0.007370145063172672,
      "110": 0.007545624707533926,
      "111": 0.00783809078146935,
      "112": 0.00783809078146935,
      "113": 0.007487131492746842,
      "114": 0.00859850257370145,
      "115": 0.007253158633598503,
      "116": 0.0069021993448759944,
      "117": 0.0061417875526438934,
      "118": 0.007604117922321011,
      "119": 0.00684370613008891,
      "120": 0.008130556855404774,
      "121": 0.00584932147870847,
      "122": 0.0,
      "123": 0.0,
      "125": 0.0,
      "126": 0.008481516144127281,
      "127": 0.0,
      "128": 0.0,
      "129": 0.0,
      "132": 0.0,
      "133": 0.007545624707533926,
      "134": 0.007545624707533926,
      "135": 0.007194665418811418,
      "136": 0.007194665418811418,
      "137": 0.0069021993448759944,
      "138": 0.008656995788488536,
      "139": 0.0,
      "140": 0.0,
      "141": 0.0,
      "142": 0.006492746841366402,
      "143": 0.00772110435189518,
      "144": 0.00672671970051474,
      "145": 0.0,
      "146": 0.0,
      "147": 0.0,
      "148": 0.00035095928872250817,
      "149": 0.0,
      "152": 0.0,
      "153": 0.0,
      "154": 0.0,
      "155": 0.0,
      "156": 0.0,
      "157": 0.0,
      "158": 0.0015208235844642022,
      "159": 0.00035095928872250817,
      "160": 0.0,
      "161": 0.0,
      "162": 0.0,
      "163": 0.00035095928872250817,
      "164": 0.0,
      "165": 0.0,
      "166": 0.0,
      "167": 0.0,
      "168": 0.0,
      "169": 0.0,
      "170": 0.0,
      "171": 0.0,
      "172": 0.0,
      "173": 0.0,
      "174": 0.0,
      "175": 0.0,
      "176": 0.0,
      "177": 0.0,
      "178": 0.0,
      "180": 0.007370145063172672,
      "181": 0.006317267197005147,
      "182": 0.0,
      "183": 0.0,
      "184": 0.0069021993448759944,
      "185": 0.00684370613008891,
      "186": 0.0070191857744501636,
      "187": 0.007604117922321011,
      "188": 0.0,
      "189": 0.0,
      "190": 0.007545624707533926,
      "191": 0.0,
      "192": 0.0,
      "193": 0.007604117922321011,
      "196": 0.00871548900327562,
      "198": 0.0,
      "199": 0.0,
      "200": 0.0,
      "201": 0.0,
      "202": 0.0,
      "203": 0.0,
      "204": 0.0,
      "205": 0.0,
      "206": 0.007428638277959756,
      "207": 0.007428638277959756,
      "208": 0.0,
      "209": 0.0,
      "212": 0.0,
      "213": 0.0,
      "214": 0.0,
      "215": 0.008130556855404774,
      "216": 0.0077795975666822646,
      "217": 0.008072063640617688,
      "218": 0.0,
      "219": 0.00783809078146935,
      "220": 0.007428638277959756,
      "222": 0.006960692559663079,
      "228": 0.0,
      "229": 0.0,
      "230": 0.0005264389330837623,
      "231": 0.0,